ACC_1,ACC_2,ACC_3,ACC_4,ACC_5,Answer_1,Answer_2,Answer_3,Answer_4,Answer_5,Block,CorrResp_1,CorrResp_2,CorrResp_3,CorrResp_4,CorrResp_5,FIX,ISI_1,ISI_2,ISI_3,ISI_4,ISI_5,ITI,MemPos_1,MemPos_2,MemPos_3,MemPos_4,MemPos_5,MemSet_1,MemSet_2,MemSet_3,MemSet_4,MemSet_5,MemSetSize,Operation,ProbePos_1,ProbePos_2,ProbePos_3,ProbePos_4,ProbePos_5,RT_1,RT_2,RT_3,RT_4,RT_5,StimDuration_1,StimDuration_2,StimDuration_3,StimDuration_4,StimDuration_5,Subject,TaskDescription,TrialNum,UpdatingSteps,UpdatingType,response_1,response_2,response_3,response_4,response_5,time_ISI,time_ITI,time_call,time_cue,time_feed,time_memset,time_resp
1,0,0,,,2,3,3,,,1,2,9,4,,,2,1.5,1.5,1.5,,,1,4,7,1,,,4,9,2,,,3,-9,1,7,4,,,1.80701870000121,0.457128100000773,0.603682299999491,,,0.2,0.2,0.2,,,1,Promotion_Task_Exp,1,0,0,1,1,1,,,14804.4523396,14799.8422682,14805.9531295,14810.9906466,14811.9041709,14804.2513901,14811.6030182
0,0,0,0,,5,5,5,5,,1,3,1,7,9,,2,1.5,1.5,1.5,1.5,,1,7,2,8,1,,1,9,3,7,,4,-9,8,7,1,2,,0.876199300000735,0.382892199999333,0.156114499999603,0.323174600000129,,0.2,0.2,0.2,0.2,,1,Promotion_Task_Exp,2,0,0,1,1,1,1,,14819.2550586,14812.9432583,14820.7575184,14826.0359713,14826.6653031,14819.0536821,14826.3643066
0,0,0,0,0,5,5,5,5,5,1,8,9,2,3,4,2,1.5,1.5,1.5,1.5,1.5,1,9,7,3,8,1,3,2,8,4,9,5,-9,3,1,7,9,8,0.32327880000048,0.23844839999947,0.100360899999941,0.798914299999524,0.399344600000404,0.2,0.2,0.2,0.2,0.2,1,Promotion_Task_Exp,3,0,0,1,1,1,1,1,14835.5219947,14827.5074354,14837.0247058,14843.4274892,14844.1333522,14835.321345,14843.832308
